{"file":"ImageSheet.png","frames":{
"buff":{"x":875,"y":256,"w":103,"h":103,"offX":1,"offY":1,"sourceW":105,"sourceH":105},
"car":{"x":737,"y":1,"w":100,"h":183,"offX":0,"offY":0,"sourceW":100,"sourceH":183},
"fbButton":{"x":525,"y":1,"w":210,"h":210,"offX":0,"offY":0,"sourceW":210,"sourceH":210},
"hot":{"x":875,"y":129,"w":135,"h":125,"offX":0,"offY":0,"sourceW":135,"sourceH":125},
"leftButton":{"x":621,"y":213,"w":78,"h":80,"offX":0,"offY":0,"sourceW":78,"sourceH":80},
"noticeButton":{"x":1,"y":1,"w":522,"h":220,"offX":0,"offY":18,"sourceW":522,"sourceH":238},
"overload":{"x":737,"y":186,"w":136,"h":126,"offX":0,"offY":0,"sourceW":136,"sourceH":126},
"restartButton":{"x":525,"y":213,"w":94,"h":94,"offX":0,"offY":0,"sourceW":94,"sourceH":94},
"rightButton":{"x":621,"y":295,"w":77,"h":80,"offX":1,"offY":0,"sourceW":78,"sourceH":80},
"shake":{"x":839,"y":1,"w":135,"h":126,"offX":1,"offY":0,"sourceW":136,"sourceH":126},
"startButton":{"x":1,"y":223,"w":522,"h":220,"offX":0,"offY":0,"sourceW":522,"sourceH":240},
"wxButton":{"x":525,"y":309,"w":60,"h":60,"offX":0,"offY":0,"sourceW":60,"sourceH":60}}}