{
  "resources": [
    {
      "name": "bgImage",
      "type": "image",
      "url": "assets/bg.jpg"
    },
    {
      "name": "road",
      "type": "image",
      "url": "assets/road.jpg"
    },
    {
      "name": "noticeBg",
      "type": "image",
      "url": "assets/noticeBg.png"
    },
    {
      "name": "ImageSheet",
      "type": "sheet",
      "url": "assets/ImageSheet.json"
    },
    {
      "name": "wing",
      "type": "image",
      "url": "assets/wing.png"
    }
  ],
  "groups": [
    {
      "name": "preload",
      "keys": "bgImage, ImageSheet, road, noticeBg, wing"
    }
  ]
}